{"cameraMode":{"drawMode":0,"name":"Shaded","section":"Shading Mode"},"sceneLighting":false,"audioPlay":false,"sceneViewState":{"m_AlwaysRefresh":false,"showFog":true,"showSkybox":false,"showFlares":true,"showImageEffects":true,"showParticleSystems":true,"showVisualEffectGraphs":true,"m_FxEnabled":true},"in2DMode":false,"pivot":{"x":6.761495590209961,"y":7.229716777801514,"z":-3.8082997798919679},"rotation":{"x":0.10944812744855881,"y":-0.2707405984401703,"z":0.030998889356851579,"w":0.9559086561203003},"size":1.7961835861206055,"orthographic":true}