{"cameraMode":{"drawMode":0,"name":"Shaded","section":"Shading Mode"},"sceneLighting":true,"audioPlay":false,"sceneViewState":{"m_AlwaysRefresh":false,"showFog":true,"showSkybox":true,"showFlares":true,"showImageEffects":true,"showParticleSystems":true,"showVisualEffectGraphs":true,"m_FxEnabled":true},"in2DMode":false,"pivot":{"x":22.71885871887207,"y":13.856840133666993,"z":-1.322716236114502},"rotation":{"x":0.2170485556125641,"y":-0.04244808852672577,"z":0.009447772987186909,"w":0.9751936197280884},"size":9.457664489746094,"orthographic":true}