{"cameraMode":{"drawMode":0,"name":"Shaded","section":"Shading Mode"},"sceneLighting":true,"audioPlay":false,"sceneViewState":{"m_AlwaysRefresh":false,"showFog":true,"showSkybox":true,"showFlares":true,"showImageEffects":true,"showParticleSystems":true,"showVisualEffectGraphs":true,"m_FxEnabled":true},"in2DMode":false,"pivot":{"x":-6.702698230743408,"y":-11.591438293457032,"z":43.71064758300781},"rotation":{"x":0.17481759190559388,"y":-0.2623077929019928,"z":0.048384372144937518,"w":0.9477876424789429},"size":16.17878532409668,"orthographic":true}