{"cameraMode":{"drawMode":0,"name":"Shaded","section":"Shading Mode"},"sceneLighting":false,"audioPlay":false,"sceneViewState":{"m_AlwaysRefresh":false,"showFog":true,"showSkybox":false,"showFlares":true,"showImageEffects":true,"showParticleSystems":true,"showVisualEffectGraphs":true,"m_FxEnabled":true},"in2DMode":false,"pivot":{"x":337.38629150390627,"y":170.14743041992188,"z":-500.8999938964844},"rotation":{"x":0.014504392631351948,"y":0.9777922630310059,"z":-0.19617408514022828,"w":0.07228846102952957},"size":6.07603645324707,"orthographic":true}