{"cameraMode":{"drawMode":0,"name":"Shaded","section":"Shading Mode"},"sceneLighting":false,"audioPlay":false,"sceneViewState":{"m_AlwaysRefresh":false,"showFog":true,"showSkybox":false,"showFlares":true,"showImageEffects":true,"showParticleSystems":true,"showVisualEffectGraphs":true,"m_FxEnabled":true},"in2DMode":false,"pivot":{"x":-10.964000701904297,"y":9.354790687561036,"z":-7.530640602111816},"rotation":{"x":0.05409231781959534,"y":-0.9288842678070068,"z":0.15038062632083894,"w":0.33412694931030276},"size":0.8842809200286865,"orthographic":true}